http://www.url.com/pages-1.html;tn1.jpg
http://www.url.com/pages-2.html;tn2.jpg
http://www.url.com/pages-3.html;tn3.jpg
http://www.url.com/pages-4.html;tn4.jpg
http://www.url.com/pages-5.html;tn5.jpg
http://www.url.com/pages-6.html;tn6.jpg
http://www.url.com/pages-7.html;tn7.jpg
http://www.url.com/pages-8.html;tn8.jpg
http://www.url.com/pages-9.html;tn9.jpg
http://www.url.com/pages-10.html;tn10.jpg
http://www.url.com/pages-11.html;tn11.jpg
http://www.url.com/pages-12.html;tn12.jpg
http://www.url.com/pages-13.html;tn13.jpg
http://www.url.com/pages-14.html;tn14.jpg
http://www.url.com/pages-15.html;tn15.jpg
http://www.url.com/pages-16.html;tn16.jpg
http://www.url.com/pages-17.html;tn17.jpg
http://www.url.com/pages-18.html;tn18.jpg
http://www.url.com/pages-19.html;tn19.jpg
http://www.url.com/pages-20.html;tn20.jpg
http://www.url.com/pages-21.html;tn21.jpg
http://www.url.com/pages-22.html;tn22.jpg
http://www.url.com/pages-23.html;tn23.jpg
http://www.url.com/pages-24.html;tn24.jpg
http://www.url.com/pages-25.html;tn25.jpg
http://www.url.com/pages-26.html;tn26.jpg
http://www.url.com/pages-27.html;tn27.jpg
http://www.url.com/pages-28.html;tn28.jpg
http://www.url.com/pages-29.html;tn29.jpg
http://www.url.com/pages-30.html;tn30.jpg
http://www.url.com/pages-31.html;tn31.jpg
http://www.url.com/pages-32.html;tn32.jpg
http://www.url.com/pages-33.html;tn33.jpg
http://www.url.com/pages-34.html;tn34.jpg
http://www.url.com/pages-35.html;tn35.jpg
http://www.url.com/pages-36.html;tn36.jpg
http://www.url.com/pages-37.html;tn37.jpg
http://www.url.com/pages-38.html;tn38.jpg
http://www.url.com/pages-39.html;tn39.jpg
http://www.url.com/pages-40.html;tn40.jpg
http://www.url.com/pages-41.html;tn41.jpg
http://www.url.com/pages-42.html;tn42.jpg
http://www.url.com/pages-43.html;tn43.jpg
http://www.url.com/pages-44.html;tn44.jpg
http://www.url.com/pages-45.html;tn45.jpg
http://www.url.com/pages-46.html;tn46.jpg
http://www.url.com/pages-47.html;tn47.jpg
http://www.url.com/pages-48.html;tn48.jpg
http://www.url.com/pages-49.html;tn49.jpg
http://www.url.com/pages-50.html;tn50.jpg
http://www.url.com/pages-51.html;tn51.jpg
http://www.url.com/pages-52.html;tn52.jpg
http://www.url.com/pages-53.html;tn53.jpg
http://www.url.com/pages-54.html;tn54.jpg
http://www.url.com/pages-55.html;tn55.jpg
http://www.url.com/pages-56.html;tn56.jpg
http://www.url.com/pages-57.html;tn57.jpg
http://www.url.com/pages-58.html;tn58.jpg
http://www.url.com/pages-59.html;tn59.jpg
http://www.url.com/pages-60.html;tn60.jpg
http://www.url.com/pages-61.html;tn61.jpg
http://www.url.com/pages-62.html;tn62.jpg
http://www.url.com/pages-63.html;tn63.jpg
http://www.url.com/pages-64.html;tn64.jpg
http://www.url.com/pages-65.html;tn65.jpg
http://www.url.com/pages-66.html;tn66.jpg
http://www.url.com/pages-67.html;tn67.jpg
http://www.url.com/pages-68.html;tn68.jpg
http://www.url.com/pages-69.html;tn69.jpg
http://www.url.com/pages-70.html;tn70.jpg
http://www.url.com/pages-71.html;tn71.jpg
http://www.url.com/pages-72.html;tn72.jpg
http://www.url.com/pages-73.html;tn73.jpg
http://www.url.com/pages-75.html;tn75.jpg
http://www.url.com/pages-76.html;tn76.jpg
http://www.url.com/pages-77.html;tn77.jpg
http://www.url.com/pages-78.html;tn78.jpg
http://www.url.com/pages-79.html;tn79.jpg
http://www.url.com/pages-80.html;tn80.jpg
http://www.url.com/pages-81.html;tn81.jpg
http://www.url.com/pages-82.html;tn82.jpg
http://www.url.com/pages-83.html;tn83.jpg
http://www.url.com/pages-85.html;tn85.jpg
http://www.url.com/pages-87.html;tn87.jpg
http://www.url.com/pages-88.html;tn88.jpg
http://www.url.com/pages-89.html;tn89.jpg
http://www.url.com/pages-90.html;tn90.jpg
http://www.url.com/pages-91.html;tn91.jpg
